arm,n,mean_belief_change,sd_belief_change,mean_invest,sd_invest
control,996,0.0,0.0,11739.547283715978,2738.110408531887
forecast_offer,996,-0.07700138118972179,3.833849126382102,11591.236745076469,2717.313124616379
insurance_offer,1008,0.0,0.0,12621.970181969557,2813.3752646291796
