policy,pred_value,obs_value_if_matched,match_rate
all_control,11639.602306395529,,
all_forecast,11624.449796845727,,
all_insurance,12578.736996203183,,
unconstrained,12845.1809101037,12617.68062105109,0.34555555555555556
budget_insurance_0.15,12322.234526672268,12029.545836027686,0.33444444444444443
