arm,n,invest_downside_rate,profit_downside_rate,mean_invest,mean_profit
control,996,0.2248995983935743,0.1817269076305221,11739.547283715978,17727.50107188129
forecast_offer,996,0.2389558232931727,0.21385542168674698,11591.236745076469,17405.282657685722
insurance_offer,1008,0.13690476190476192,0.20436507936507936,12621.970181969557,17691.534907026915
